{"cameraMode":{"drawMode":0,"name":"Shaded","section":"Shading Mode"},"sceneLighting":false,"audioPlay":false,"sceneViewState":{"m_AlwaysRefresh":false,"showFog":true,"showSkybox":false,"showFlares":true,"showImageEffects":true,"showParticleSystems":true,"showVisualEffectGraphs":true,"m_FxEnabled":true},"in2DMode":false,"pivot":{"x":0.010403255000710488,"y":-0.007435537874698639,"z":1.1175870895385743e-8},"rotation":{"x":0.0025536539033055307,"y":0.9956661462783814,"z":-0.028692256659269334,"w":0.08864911645650864},"size":0.10436517000198364,"orthographic":false}