{"cameraMode":{"drawMode":0,"name":"Shaded","section":"Shading Mode"},"sceneLighting":false,"audioPlay":false,"sceneViewState":{"m_AlwaysRefresh":false,"showFog":true,"showSkybox":false,"showFlares":true,"showImageEffects":true,"showParticleSystems":true,"showVisualEffectGraphs":true,"m_FxEnabled":true},"in2DMode":false,"pivot":{"x":0.0033407509326934816,"y":0.17391353845596314,"z":-0.03752495348453522},"rotation":{"x":0.006457085255533457,"y":0.9927958846092224,"z":-0.10192837566137314,"w":0.06292944401502609},"size":0.4818962514400482,"orthographic":false}