{"cameraMode":{"drawMode":0,"name":"Shaded","section":"Shading Mode"},"sceneLighting":false,"audioPlay":false,"sceneViewState":{"m_AlwaysRefresh":false,"showFog":true,"showSkybox":false,"showFlares":true,"showImageEffects":true,"showParticleSystems":true,"showVisualEffectGraphs":true,"m_FxEnabled":true},"in2DMode":false,"pivot":{"x":-0.0635535717010498,"y":0.9802165031433106,"z":0.1221773624420166},"rotation":{"x":-0.02792191505432129,"y":0.9715089201927185,"z":-0.14862790703773499,"w":-0.18251043558120728},"size":1.6688084602355958,"orthographic":false}