{"cameraMode":{"drawMode":0,"name":"Shaded","section":"Shading Mode"},"sceneLighting":false,"audioPlay":false,"sceneViewState":{"m_AlwaysRefresh":false,"showFog":true,"showSkybox":false,"showFlares":true,"showImageEffects":true,"showParticleSystems":true,"showVisualEffectGraphs":true,"m_FxEnabled":true},"in2DMode":false,"pivot":{"x":0.00002944469451904297,"y":1.0127426385879517,"z":-0.05276477336883545},"rotation":{"x":0.006457085255533457,"y":0.9927958846092224,"z":-0.10192837566137314,"w":0.06292944401502609},"size":0.5051304697990418,"orthographic":false}