{"cameraMode":{"drawMode":0,"name":"Shaded","section":"Shading Mode"},"sceneLighting":false,"audioPlay":false,"sceneViewState":{"m_AlwaysRefresh":false,"showFog":true,"showSkybox":false,"showFlares":true,"showImageEffects":true,"showParticleSystems":true,"showVisualEffectGraphs":true,"m_FxEnabled":true},"in2DMode":false,"pivot":{"x":99.18404388427735,"y":1.0619183778762818,"z":178.75286865234376},"rotation":{"x":0.13824620842933656,"y":0.23527872562408448,"z":-0.03383072465658188,"w":0.9614561200141907},"size":0.7157360315322876,"orthographic":false}